word,count
refer,5424
theme,641
which,99283
three,25278
songs,2466
daily,953
under,36966
image,85202
being,67282
there,167419
write,15328
using,105189
blank,25157
other,247690
media,20865
after,162029
thank,699003
pages,217833
cases,42150
third,15087
album,9695
think,20262
march,161405
first,57566
early,7571
rated,11194
leave,32828
would,714520
moved,8154
cross,2264
place,71294
could,32017
start,19153
sense,2236
input,572
quite,3278
right,15563
based,7322
about,606041
forum,3804
until,10784
fault,546
doing,54103
seven,6698
world,36107
learn,451096
those,50779
users,126466
helps,1629
allow,2926
since,34246
honor,990
enjoy,32420
added,80109
delta,857
needs,3945
party,7205
group,16054
below,13464
aware,4488
meets,2637
delay,1658
types,1527
check,772173
sites,30602
bands,1498
ready,1311
found,79637
above,13516
style,5192
areas,2413
minor,63954
waste,769
clear,3759
their,57686
error,40137
staff,1701
edits,765934
times,7646
again,190227
human,3759
proud,494
goals,6821
these,43793
broad,578
small,4966
truly,614
ideas,893
greek,2238
takes,2245
balls,1663
marks,800
along,7151
means,5743
brain,731
drugs,419
flood,1265
while,57196
cause,4456
trace,3121
doses,96
shown,10745
newer,198
onset,75
might,47445
lasts,55
water,3624
salts,24
known,9777
point,32538
forms,1657
where,30304
taken,17036
often,3464
abuse,16978
sigma,522
basis,1301
legal,3974
never,6703
ester,56
extra,2066
toxic,159
apron,21
sheet,184
notes,2123
occur,627
death,4975
palsy,80
rings,441
local,4082
makes,4095
price,1219
donor,259
class,23389
lyase,178
names,6886
virus,711
click,138993
dansk,13029
norsk,20731
grant,5069
chart,2022
award,3159
april,165230
whats,464
still,23489
valid,12010
avoid,48771
bread,296
evade,244
least,162486
youre,45
bonds,502
tough,420
break,1990
moral,344
story,3511
pairs,294
merit,1435
court,3828
vague,236
atoms,100
field,15524
space,4483
shows,3896
stern,265
hello,48649
visit,3698
title,9104
girls,1812
vinyl,202
label,1547
total,38731
given,7083
split,1602
sides,1401
bonus,559
track,4618
later,12534
speak,7093
eight,3857
parts,2123
light,4144
opens,179
apart,1241
child,1575
thick,425
paper,1520
black,6737
white,6584
shots,631
music,10307
japan,4945
spain,4908
today,3399
named,5869
whole,4125
video,6338
heard,1696
young,3491
women,5497
plays,1790
close,4135
susan,345
movie,2850
thing,7827
cover,8905
prose,500
guest,527
meant,3336
finds,757
seems,6082
aside,592
films,3271
links,188078
major,12984
cited,2513
topic,5595
offer,995
every,6359
force,10989
hence,919
trans,391
mills,500
stick,1028
model,2514
blood,1613
lower,2370
words,5721
alone,2466
front,5677
asked,90060
setup,19424
wharf,77
state,35542
fully,15813
ceres,222
dwarf,502
files,2410
saint,2363
earth,4739
reach,1824
orbit,887
fifth,3615
cheap,177
muses,16
study,1126
david,8828
pluto,461
lists,2218
solar,1531
color,2640
index,2224
brown,16711
quasi,75
lying,346
henry,2916
hydra,80
santa,1192
large,38129
gives,9083
moons,91
rapid,713
among,7109
event,10106
stems,48
deity,83
pablo,906
older,896
strip,526
month,3383
ended,5069
value,1649
hours,8426
shape,514
short,8377
giant,1351
years,22333
hints,4253
fresh,793
imply,466
spite,195
depth,700
inner,469
match,7097
prior,2727
union,7206
rules,3630
dense,97
stars,1952
milky,123
terms,4117
dates,2376
sizes,152
comet,1656
comes,1805
weird,610
fonts,37
claim,4195
weigh,115
momma,68
stuff,2423
looks,2827
guess,1273
dudes,42
wrong,5352
press,2470
solve,252
specs,32
clock,1408
table,3699
nixer,6
wider,283
moves,1050
greco,278
roman,2081
round,10697
prime,3027
issue,4702
email,28830
tenth,1097
forgo,15
worth,1442
badly,482
maybe,2860
deems,24
speed,2474
codes,659
stone,1290
level,4637
amiss,17
agree,3557
range,6141
going,8132
favor,802
asian,2215
irene,134
lumen,38
scale,2452
trend,294
proto,98
buffy,95
units,3478
equal,1300
flung,18
river,4404
tools,408
scope,649
shaky,71
outer,684
tests,155844
great,13533
palma,59
isaac,637
maria,945
meiji,59
moore,1144
chaos,493
arete,7
metal,1858
mafia,345
bryan,771
duets,15
peter,3609
allen,1474
built,3383
audio,893
chunk,69
piece,1298
genus,114
order,8113
cubic,159
upper,1525
plane,1318
scott,3410
cathy,143
holds,501
kathy,142
gates,761
medea,24
fudge,100
dated,1089
lucia,137
aline,15
thule,26
ixion,26
radar,618
alice,521
doubt,1345
ocean,2160
annie,398
queen,2125
yours,9628
admin,1849
affix,908
manor,147
green,4862
began,7803
hindu,407
chain,648
alpha,1534
venus,573
weeks,3127
prove,1136
lunar,259
flyby,19
smith,4397
circe,30
miles,3137
james,9583
jesus,1287
fools,100
fides,14
diego,1942
diene,14
wrote,2329
tried,2378
reply,2636
maths,52
leads,656
robot,1871
steps,521
sunny,146
asset,127
heart,1546
trust,805
whose,1628
wrack,1
rouge,295
smile,366
subst,1379
happy,6292
liked,281
coded,295
pixel,129
doesn,7458
house,5653
mixed,808
entry,103330
creat,22
mouse,1264
stuck,10367
exist,7559
ultra,234
sheen,42
vesta,122
chile,1017
starr,204
meter,345
bluer,5
hippo,75
petit,110
louis,4069
doris,83
pales,12
karma,129
steep,100
roast,21
slope,108
limit,1181
polar,448
views,1250
noise,343
ratio,586
sized,203
curve,227
logos,587
evans,753
brett,864
erato,2
lance,594
niobe,1
diana,372
posts,10866
merge,621
tally,1789
flora,119
bunny,319
circa,222
jenny,215
remus,40
metis,15
roble,29
mount,2295
metre,303
north,13633
alive,690
nodes,911
gravy,42
train,2049
debut,1323
heavy,3433
touch,1424
knife,157
texas,7605
adams,1331
lynch,263
loyal,170
bound,410
fatty,129
emily,639
faith,1801
sight,394
cyrus,622
mason,622
metro,429
votes,1646
linda,223
owner,88637
clean,1005
burke,331
shark,746
rider,1315
block,176522
indef,30
money,4218
mungo,25
bears,1659
exact,1118
coach,6191
billy,1676
paste,695
keeps,558
drive,4292
sorry,5024
manga,494
anime,527
proof,1593
calls,954
draft,4144
didnt,279
guide,2058
quick,23436
voted,802
steve,5987
kelly,1638
wanna,282
alert,614
swear,369
blues,1100
stubs,217
weren,448
jones,3378
chick,276
bible,728
verse,273
build,1801
sloth,193
admit,437
twice,1805
negro,201
count,4509
watch,2219
tasks,1056
worse,664
stain,32
heads,568
apply,1577
gonna,372
ought,369
geeks,26
dozen,392
grave,233
shall,1486
stand,1455
brave,187
grill,67
works,6170
newly,981
noted,2179
fella,19
usual,674
arise,119
marsh,455
blade,212
demon,586
xerox,41
token,87
haven,1615
frank,2692
worst,1355
harry,2685
broom,39
FALSE,98900
omaha,310
comic,800
logic,573
stony,99
brook,233
ahead,2795
games,25136
stage,3092
final,17197
serve,901
donna,104
nicer,37
spark,266
wasnt,104
spent,1120
prana,2
reich,226
fills,26
power,5795
fewer,323
lupin,541
falls,1405
swing,311
photo,5693
chimp,308
wants,1049
reads,582
afoot,12
wiped,111
dirty,386
socks,168
pulls,76
contr,100
lover,202
owned,2145
books,2508
sarky,1
thats,560
sarah,892
grand,9389
theft,622
havoc,154
purge,93
query,466
sound,3215
sandy,437
facts,3421
korea,3509
mango,230
juice,403
usage,2179
lords,103
carry,2054
silly,790
shock,711
upset,939
grasp,120
enemy,1661
super,4550
civil,4408
cabal,137
senti,3
night,4755
sport,1927
tread,28
basic,1709
chose,884
fidel,233
cable,1185
arena,1732
birth,899
annoy,162
fixed,1299
drama,1924
empty,489
multi,6214
davis,2179
stats,576
begun,425
abide,136
trick,504
treat,288
hansa,422
bring,86933
rager,6
cycle,1141
skies,110
squad,1107
abbot,28
cuppa,1
boxes,475
scene,1028
chess,548
nobby,8
banes,5
moody,290
actor,1411
broke,1547
radio,4648
harsh,228
tilde,3545
bubba,720
tammy,98
shiny,390
shout,135
truth,1621
aaron,987
yahoo,711
bless,124
wield,10
phone,1765
funny,1021
wound,242
spare,384
lived,842
moist,48
fight,38147
awful,169
begin,1404
sited,39
onion,124
maker,223
cites,237
raise,515
loads,176
rough,444
bunch,755
legit,109
betty,242
chung,131
youve,19
hitch,28
india,4172
handy,121
cards,1359
crowd,1535
piled,47
screw,234
focus,825
knows,849
dodgy,27
worry,7659
sucks,452
humor,245
folks,291
grown,231
scrap,57
darcy,108
royal,3366
broil,88
porno,41
clubs,1005
leary,106
boron,90
windy,86
flame,341
poker,429
lacks,174
niche,51
south,16572
wales,4920
redux,100
yards,7537
messy,114
adopt,281
tends,184
coast,3304
exams,52
rusty,167
throw,794
brute,210
steak,121
hurry,80
merry,141
leeds,537
catch,1039
typos,418
trail,828
chide,2
maine,1083
queue,42
llama,604
cubed,26
loath,9
plain,558
angus,485
breed,98
opera,743
tight,1133
sales,874
hurts,62
cease,844
retro,57
erred,17
muddy,74
paths,69
blown,250
alike,571
intro,796
hoped,264
hayes,409
eagle,1353
tardy,4
woods,614
realm,128
peace,2242
redid,11
lines,1774
peach,210
kings,1145
stamp,442
alley,107
belay,36
cough,46
egypt,1939
jimbo,522
argue,660
outed,3
kinds,238
score,6899
voice,1248
fired,1103
pause,54
swift,286
brief,991
turns,3715
toons,5
reive,1
stewy,15
likes,403
guard,3983
bogus,146
jimmy,1558
armed,1331
typed,75
byron,284
gloat,5
avail,67
crazy,927
penny,189
woman,1202
quote,1441
defer,44
uncle,466
flaws,72
tying,577
bases,852
phony,36
surly,11
leben,8
shame,214
tense,266
smack,49
skier,47
acted,253
idiot,549
centi,8
trial,1241
wierd,33
ornis,80
mercy,236
eject,19
danny,766
andre,530
align,365
bitch,577
hands,1139
erase,354
loved,204
reeks,14
crash,1365
essay,367
stood,477
posed,168
glass,1069
spend,442
rubin,221
paolo,144
store,642
await,61
tired,298
angry,500
allot,9
drunk,136
nazis,158
manic,26
jason,2195
brand,857
forty,561
board,4580
freak,683
reset,119
blame,592
pizza,409
orion,163
stays,159
solid,1158
cliff,299
route,1412
couch,96
blair,605
towel,85
array,199
narky,1
enter,1806
login,537
eaten,39
items,704
carts,11
heres,31
arabs,609
cache,330
alway,7
loves,238
stock,779
crown,3133
roots,251
tempo,114
brian,2630
daven,7
juris,24
judge,895
aired,743
lures,3
labor,1047
chief,2001
tells,727
booth,284
lives,957
borel,14
slant,70
dance,1698
trade,2228
imine,2
lewis,1939
diazo,3
tunes,98
daffy,21
elmer,164
curse,247
share,1942
spade,128
cloak,32
boxed,37
horse,1303
elvis,309
disks,43
slows,13
gaius,100
drums,227
crush,173
vegas,699
spawn,65
remix,181
saber,91
cyclo,68
beret,54
cadet,121
urban,1091
fails,316
fritz,165
shell,588
vowed,68
fruit,446
trees,367
odour,19
thorn,60
flesh,127
sharp,344
emits,8
sweet,444
seeds,404
fetch,40
width,487
opted,175
vista,451
teach,174
pilot,1406
vital,283
teams,13694
rugby,2676
cater,33
seeks,88
unity,322
midst,121
genre,603
damon,449
beats,135
mouth,448
grace,1073
ounce,24
youll,9
beefs,4
thiol,20
nixie,80
gotta,116
facet,26
fairs,92
poses,45
forge,166
print,1931
blitz,118
omega,204
polly,223
didie,2
skate,197
swans,56
arose,178
tenor,51
miami,2571
piano,366
craze,40
sixth,2431
linea,8
walls,269
rocks,402
romeo,544
omits,28
famed,120
bruce,1036
faint,33
aimed,318
downs,443
stipe,15
berry,346
paris,2253
conga,2
latin,731347
lyric,79
candy,420
dolls,191
wilco,15
chord,54
furry,115
cells,271
alkyl,52
melts,10
drawn,1233
hiker,3
sells,63
lodge,124
robin,1093
creek,1012
oddly,82
laugh,198
twain,229
marie,540
laine,22
kappa,429
oscar,542
adore,7
novel,2187
fairy,230
feels,237
wheel,1445
reese,115
lites,6
demos,90
devil,849
spice,273
ghost,543
chase,858
talks,667
germs,30
slash,118
italy,3511
darby,61
grits,9
gangs,236
vocal,214
spans,51
solos,17
jolly,53
bored,186
drank,28
chili,285
pills,33
whore,76
paved,56
sided,281
wells,505
taste,409
tries,600
feces,319
swell,29
benny,259
helen,583
smash,427
sleep,2004
hotel,1240
bowie,250
chuck,957
horns,90
promo,102
sugar,765
honey,191
sonny,179
shook,90
panel,493
licks,16
shine,71
sings,88
leaps,24
smoke,436
cloud,721
tears,292
paint,290
flash,578
honky,20
beast,360
bobby,1604
adult,433
kerry,677
raspy,2
merle,20
drake,565
tommy,1018
jerry,1350
buddy,335
dobie,10
whale,643
clive,123
dolly,211
beach,1936
dells,3
alien,446
lanes,115
nomad,34
bacon,1443
suede,15
polls,678
boils,21
ruder,5
dream,850
stiff,86
strum,1
china,5444
larry,1395
perry,648
clash,318
fatal,222
poets,136
flies,309
micky,17
wayne,1656
louie,65
organ,221
willy,211
wives,92
kenny,710
homer,1090
banks,610
bland,58
apple,986
naked,342
patty,113
bucks,168
baker,703
bliss,146
mixes,46
mccoy,355
bowed,32
chaka,6
bulls,832
shoot,411
hoven,2
flock,44
wakes,28
sapan,10
panic,358
grabs,57
hears,58
shack,40
laser,479
acres,177
hired,398
props,34
argon,84
beams,30
techy,2
deals,246
arris,52
cuban,676
coral,413
goody,93
cheek,50
hills,1042
irish,2155
goats,44
shave,24
razor,412
agent,890
teddy,203
sammy,240
fever,391
barry,1034
claus,181
varus,3
clark,2032
shoes,275
lucky,660
pride,438
rainy,83
clips,153
moses,255
elder,322
cream,576
rhyme,73
sheep,363
blast,606
ceric,2
bends,18
layed,3
tapes,220
terry,1234
riley,579
tones,35
teeth,106
moose,342
nitro,61
funky,155
snoop,92
rants,93
tesla,57
cowed,4
daddy,253
youth,1059
abner,27
wynne,122
pants,244
wedge,82
islam,1154
gimme,242
alarm,143
burns,375
waves,403
hydro,102
amino,186
ethyl,136
thumb,333
ferry,282
wings,1335
gamma,314
ether,98
usnic,1
blink,186
tooth,191
jesse,899
taped,59
shake,138
booty,112
skull,215
peers,99
pearl,984
brent,384
hagar,29
tower,2047
guild,454
roses,364
tabes,1
steel,1447
kriss,9
doggy,33
tacks,4
birds,214
spins,43
waltz,78
frame,724
liner,128
tales,268
raven,451
fades,21
dover,280
facto,284
cheer,64
swede,36
braid,23
dusty,142
eager,106
jerks,21
freya,8
eerie,20
motif,47
pedal,36
chawn,1
salad,166
reign,275
tepid,8
verge,104
bayou,31
belly,95
whiff,7
truck,758
minds,221
epopt,9
runes,69
hoagy,3
magic,1082
lucid,45
fifty,454
charm,49
ellen,298
souls,87
birch,86
sofia,188
glory,329
oasis,130
anger,368
shops,225
jenna,197
dewan,27
piggy,22
smart,624
suits,373
hyped,35
crass,23
adolf,519
mould,18
colin,889
avant,235
garde,119
habit,138
fiend,13
spoke,315
faced,1364
rebel,328
guise,38
skaff,2
verve,15
brill,9
choir,96
paddy,71
ridge,871
holly,246
donny,56
heels,208
dress,367
cameo,74
witch,339
nancy,759
irony,136
quiet,316
mocks,8
carey,475
divas,22
miner,39
goose,196
arrow,462
shirt,279
wages,139
marry,94
comma,152
forth,604
straw,299
costs,348
roger,1460
fancy,98
guilt,76
smear,50
matte,19
troll,345
arent,42
theor,2
bills,787
rebut,13
punks,21
elses,30
venue,661
scant,27
watts,147
spell,554
sence,21
biggy,4
grist,2
petty,334
cruel,86
flake,18
fraud,306
bully,79
libel,196
crime,1678
sourd,1
sorts,222
berth,435
spews,2
stalk,194
entre,79
assoc,4
relay,2248
dealt,358
earns,59
venom,87
hides,77
sends,454
fille,15
laced,44
vowel,34
smily,1
caret,4
alter,16568
saves,349
recap,73
slips,41
panty,5
maple,1009
scout,472
clerk,80
picky,23
filed,582
quash,15
remit,10
sulla,18
nasty,167
chair,394
mitch,276
sadly,178
carat,44
memos,19
shred,32
quest,238
blind,381
shove,28
plant,2108
plead,45
react,96
shahi,38
sheer,131
cohen,582
pupil,29
curly,68
spike,208
slave,457
rocky,468
bytes,205
shift,1570
gauss,55
minus,286
sinks,13
layer,315
oidia,8
prism,56
cheng,101
pains,47
drain,61
contd,1
keats,52
proxy,50198
moths,12
ghoul,8
climb,319
flips,12
fears,193
quake,453
bombs,633
lifts,40
shard,23
storm,11060
terra,375
naive,77
cynic,46
laden,446
ropes,67
plaza,326
plate,1228
crest,437
rogue,172
tokyo,1175
widow,114
flags,741
weber,291
norse,109
graph,223
meats,14
daisy,114
karen,262
roles,252
stole,242
scorn,12
wreck,171
badge,329
hasty,71
groom,40
awake,33
stint,76
madam,101
mater,84
clone,105
craig,1045
smell,112
hires,118
alias,386
spill,350
scars,22
trips,119
firms,83
cured,19
debug,26
grade,389
angel,1533
creed,156
blake,691
cocky,14
cisco,62
stool,25
ports,123
mamma,17
acing,1
hosts,591
delve,15
pushy,4
crawl,48
doors,307
nifty,30
yield,172
fleet,652
oiler,18
rival,692
camps,395
allah,207
drink,565
tents,81
erect,27
joint,1330
slots,54
sneak,130
recur,11
hicks,178
loser,333
evens,9
taxes,155
beton,2
ulcer,45
barbs,4
gains,759
twist,174
abbas,263
imams,19
texts,335
kalam,35
hamza,17
deeds,183
stake,136
cloth,149
mecca,154
sworn,90
kaaba,14
usury,11
haram,10
rains,471
grief,65
reins,31
cried,46
malik,312
saudi,935
kitab,4
qatar,466
tribe,365
salat,9
quran,47
halal,11
sunni,193
sever,28
fatwa,10
ruler,117
fasts,2
ranks,468
durra,1
skill,169
ansar,14
plots,96
grain,166
exile,224
frost,370
eased,63
mirza,111
turks,226
freed,144
craft,173
fated,40
plans,1014
amman,109
pious,13
wiser,25
liars,27
surah,2
inter,667
liang,35
noble,337
lofty,19
shalt,6
fiery,45
ideal,273
lurid,10
pitch,936
syria,645
tango,243
towns,610
aleph,280
almah,14
wadis,2
crops,172
clans,103
blunt,218
posit,6
lands,247
iraqi,1527
swiss,488
rabbi,145
bocca,1
ruled,654
ariel,1023
cares,230
sudan,528
dodge,492
libya,456
salal,1
anode,17
signs,594
anima,75
seats,710
samoa,1476
gnome,244
nurse,163
hutch,15
pimps,9
campy,1
lingo,20
rooms,183
chats,18
upped,28
molly,178
verde,403
digit,407
kenya,646
yacht,126
czech,1067
carol,260
stops,494
tours,520
honda,885
civic,327
cobra,643
sixty,245
spelt,61
joins,81
timor,228
papua,306
tonga,257
yemen,236
husky,194
pasts,5
grows,76
gills,4
drown,13
rolls,143
harem,9
teens,64
claws,16
melee,149
sword,431
diary,186
elbow,140
cords,10
hated,80
tiger,1567
gifts,105
steal,243
torso,35
beads,80
bison,92
sinon,12
eater,68
loose,519
morph,11
limbs,43
chips,276
gears,203
graft,30
hardy,576
trunk,110
scans,274
simon,1064
dixie,139
ample,71
zayin,3
farms,162
corps,3104
armor,369
naomi,134
sauce,110
selah,6
seder,20
tsade,5
anana,1
chalk,99
brest,76
gimel,7
welch,160
dagon,4
faces,245
adieu,4
terse,6
naval,841
gonad,16
slang,700
notre,1368
purim,13
peres,24
satan,280
uriel,8
ophir,14
sonic,596
torah,75
babel,93
maxim,587
nicht,84
boxer,221
dutch,1363
dante,224
vives,23
races,2195
krone,16
purer,2
gruss,3
bitte,59
poems,336
tuned,56
hallo,37
danke,13
etwas,3
forme,21
limba,4
forma,21
misos,1
patch,592
manie,2
merci,24
globe,636
quill,31
spitz,26
chien,47
salem,625
embed,21
choke,41
dummy,79
colon,101
runic,20
astor,42
belle,149
camel,241
twins,794
dizzy,91
faust,24
feist,28
felix,309
franz,346
frith,11
gypsy,78
hazel,95
villa,478
lobos,129
clown,1973
posse,109
snail,91
monte,351
moldy,6
ralph,659
cuber,3
manna,11
serge,83
waits,51
swoon,11
mohar,1
korin,1
matti,26
sofer,2
largo,81
augen,2
javan,11
jacob,530
wrath,137
maror,2
binge,93
gauge,402
circs,1
rests,41
motto,278
infer,50
beans,76
graff,15
steam,785
axles,73
clair,108
huron,78
volts,13
lamps,18
cents,211
trash,140
mints,9
delhi,532
welsh,455
congo,480
rigid,99
prone,110
crank,74
goods,260
burma,449
tanks,835
backs,1209
crews,391
laura,536
knots,591
roads,592
amend,116
kimbo,48
slice,88
piles,25
theta,115
ascii,101
algol,4
hooks,146
morse,247
stela,5
nihil,19
zeros,52
glyph,24
moors,50
modus,30
phons,1
edgar,528
polka,185
modes,79
papal,56
canon,343
canal,744
noses,18
ships,619
boats,295
dried,60
criss,174
sails,27
masts,13
swept,569
indus,124
edges,96
coden,2
aught,14
sutra,55
mayan,88
schuh,5
worms,100
reals,114
bylaw,4
verbs,46
packs,167
hopes,512
goths,32
firth,55
icons,130
rails,110
osaka,188
gross,359
tires,302
drill,173
shank,12
borer,8
lathe,34
lotus,387
peaks,95
blurb,76
sable,98
carlo,260
yukon,154
butte,41
thugs,133
vogue,48
tings,10
jammy,14
whine,22
vichy,49
asher,70
echos,4
auric,5
stall,93
pulse,141
grove,429
playa,25
puppy,231
sylva,3
buick,107
skink,23
punta,45
libre,70
festa,27
nikon,75
rhino,78
kodak,138
holla,68
ville,96
jonah,91
della,100
slide,200
cunts,187
trout,122
curie,81
atlas,303
bones,208
mourn,13
pedro,1049
lobby,112
rajah,47
coins,1081
mines,186
bogie,27
wagon,176
kiosk,16
titan,187
fluid,162
salty,9
spray,91
codex,38
masks,65
trump,229
filth,342
pixie,10
pound,347
otter,278
float,81
zebra,157
rumor,157
fremd,15
guyot,5
barat,7
swale,2
parer,3
hefty,19
bezel,3
gamer,114
canoe,58
peril,44
shire,326
derby,447
motor,1814
kitty,195
giles,318
heath,282
cubby,5
floor,797
burnt,178
reeve,55
odell,18
gotch,8
stoke,196
brass,227
chang,227
brick,213
scare,331
combs,182
spake,13
tikka,10
hocky,1
duomo,6
siena,44
swamp,110
mound,227
shaku,1
wears,153
boots,171
knees,62
fleck,9
fazed,2
funds,354
rifle,1237
kills,231
notch,49
prize,2221
faked,66
carse,1
fiche,4
amine,50
ruins,131
amish,129
cecil,153
shure,3
finch,81
baron,634
hoody,3
goofy,43
bronx,248
stoop,15
frail,9
parks,369
nacho,29
virgo,87
foods,204
fried,201
rodeo,45
coupe,202
wight,134
potus,8
carte,35
ponys,4
magna,159
myron,42
paine,125
traps,45
fanes,2
medal,1740
rural,320
lande,1
dread,67
tabor,33
drove,968
cries,54
genes,56
ashes,364
relax,66
calms,5
bleed,32
dying,288
decay,160
fires,540
yells,22
ranch,231
mayor,511
zocco,1
pools,155
howdy,111
slone,29
aloha,92
plato,165
elite,551
ching,103
saved,478
chest,199
nerve,151
marco,411
gorki,7
urged,230
nobel,233
copia,4
calif,93
phase,681
rides,61
kanji,38
waken,4
julio,184
lofts,9
tucky,71
timed,292
massa,330
senna,1068
readd,60
blick,12
merch,1
garth,155
seedy,6
epsom,88
quilt,5
hirst,34
adobe,254
meath,22
snake,509
thief,107
abbey,188
vivid,32
shawn,460
popes,42
picks,789
stale,20
renew,55
edder,1
fanon,8
islay,3
basal,21
piper,138
tyres,283
manul,1
eosin,1
liver,185
acute,167
edema,11
altus,8
dawny,1
silos,17
walks,210
loses,163
bench,383
warns,44
creep,60
carom,117
troop,716
basin,790
shore,400
olive,204
racks,62
wasps,28
cargo,278
slade,66
diddy,57
winds,2351
glare,17
quack,42
angle,391
shade,106
gator,370
isles,151
reuse,95
prise,27
pepsi,350
tibet,574
heron,94
pease,30
snead,36
ponds,9
cones,10
illus,5
sauve,7
opium,165
silva,374
buses,240
racer,215
lindy,38
barks,10
nixon,397
batch,103
knack,20
tyler,597
macro,88
nicky,113
dixit,13
rohan,49
singh,584
booby,77
masse,46
lemma,30
hover,45
nines,41
axiom,39
euler,138
radix,49
topos,3
grips,22
laude,5
clues,125
grads,8
laity,6
myths,77
beaut,1
sniff,6
hinge,11
versa,532
quirk,20
salix,23
serif,16
undue,152
hobby,109
irate,20
dunno,88
furor,12
sweep,479
ssing,11
stirs,8
rigor,20
fence,228
octal,10
saids,1
fuzzy,61
latex,21
holes,347
fjeld,2
farts,11
fixes,89
slack,51
evoke,16
holey,1
hotly,62
wipes,3
butts,68
bidet,4
ducks,531
jokes,827
koine,2
rates,261
pluck,5
fable,114
crept,48
draws,209
wordy,21
mails,42
stare,21
safer,74
slick,87
lethe,27
chill,120
lined,193
triad,74
rises,116
cling,9
meros,5
utter,157
grass,350
cubes,36
cigar,81
adder,27
chock,13
amuse,21
ditto,93
burst,213
dogma,42
dares,16
flows,98
fluff,24
nouns,55
lions,1383
borne,49
aptly,22
acids,83
whirl,21
costa,908
soars,2
idaho,462
bahar,9
betel,7
jours,12
punkt,1
scrum,44
jewel,85
sexed,6
moron,148
atmos,14
rufus,80
haute,64
rebbe,14
wolds,3
pasta,96
creel,4
patio,13
faded,74
devon,180
cotta,17
monks,204
revue,23
fuses,11
ignis,2
cocos,79
cedar,226
egret,12
beard,458
soaps,15
gavel,11
mined,24
knoll,22
scrub,34
roofs,59
butch,144
noddy,16
champ,524
dials,20
hague,76
quark,36
soulz,1
chico,130
blume,44
rover,278
ronde,194
gundy,27
discs,121
molto,8
flare,71
lakes,337
rouen,22
cabin,134
bunks,3
ramps,18
casco,5
sitar,19
mural,36
malay,99
flyer,74
felis,180
males,114
spots,443
humid,40
ochre,4
bushy,6
caves,83
cabot,290
buffs,30
ginny,35
draco,62
brawl,239
diver,66
quins,2
motel,34
droit,76
etiam,12
sinus,11
omens,7
coney,40
glebe,4
khmer,94
cered,1
herne,12
spoof,43
whoop,11
dilly,10
mandi,11
caste,160
tidal,167
tides,80
clare,112
scion,27
stove,20
grape,127
tombs,13
stade,158
malta,507
chevy,108
sedan,200
tilly,31
clint,194
cotch,1
probe,215
crane,196
mated,11
nears,10
ducts,11
vulgo,1
tubes,69
slate,76
visor,19
zeiss,18
flown,284
zooid,3
cilia,6
sperm,141
pores,1
tract,122
moory,1
docks,46
incan,4
moray,34
emery,81
excel,111
lidia,32
jager,11
spire,37
penis,536
joyce,186
tweed,57
rhine,372
aubin,7
crack,357
nylon,53
dasht,7
skins,86
aloud,115
crave,8
rowan,95
ghana,621
intel,355
parse,22
messe,4
envoy,65
manly,80
hayne,28
nails,120
viper,56
scary,143
slabs,18
tabid,4
rally,1328
johns,263
pasan,6
deben,6
taxis,23
micah,49
chute,20
awacs,55
helix,64
stoic,15
piers,40
leach,151
surge,311
saxon,127
porch,21
aisle,8
antes,15
henge,2
huile,2
toile,13
mille,29
logan,322
flank,202
monde,84
botch,7
blend,57
rives,3
macho,20
randy,888
mucus,36
canes,43
needy,12
tampa,1220
elect,118
lolly,19
dowie,16
laird,22
feast,54
deter,1010
wicks,15
snowy,73
beech,22
haiti,569
gulls,18
bluff,76
monie,1
aspen,37
macaw,31
folio,16
nadir,45
edged,214
moire,7
volga,56
groot,15
aging,83
sioux,210
belts,37
hoard,7
stack,111
loops,65
gorge,83
mahdi,52
irked,7
supra,51
slurs,100
spira,11
steer,68
debby,40
homes,814
dozes,1
slept,38
blimp,23
dared,18
ankle,251
spout,7
bleak,24
droll,4
slyly,5
trois,72
donne,36
erica,55
attic,34
gecko,75
ninth,1773
loren,1299
tiros,4
decal,16
juxta,1
quays,7
corso,29
shelf,254
pilar,23
grind,52
seine,69
ascot,14
overt,29
telly,608
ryder,228
depot,283
carve,4
locks,39
scuba,51
reedy,151
melba,39
aryan,94
maser,23
hoary,280
britt,38
scots,284
testa,333
babes,20
mongo,685
bobet,369
nosed,51
lopes,93
nepal,423
banjo,131
clank,29
shoal,6
okapi,18
riots,1367
arson,75
jarry,8
bosom,19
ethos,30
dandy,45
pooka,1
chace,8
wests,23
maize,138
fiber,263
sully,26
gabby,71
walsh,303
speer,43
bride,110
spoon,154
hound,106
incas,141
skunk,94
henna,7
wreak,83
kyoto,187
bindi,65
leafy,909
auxin,22
brock,279
koala,190
gobby,2
codec,38
bebay,17
hogan,289
kylie,160
freud,183
bilby,33
tails,106
disco,1796
undid,220
stark,141
siege,674
layne,35
dally,11
aztec,404
toast,500
pleas,69
humus,274
azure,123
volta,225
abyss,30
ferny,8
fjord,41
liger,155
darts,326
itchy,16
thund,161
nerds,58
wrist,121
pinky,35
munch,52
condo,12
panda,915
strom,91
prick,40
resin,41
coles,80
tease,24
lacey,70
loner,27
corby,68
flats,88
punch,275
tulip,47
pengo,11
tacos,11
gonzo,67
weary,38
dumas,78
dolce,88
queer,163
feral,34
sodom,30
redox,23
patel,131
sturt,51
knock,438
ebony,25
baths,31
zones,324
scent,1523
bloom,135
rinks,8
haiku,94
myall,56
wired,80
erupt,14
lemur,92
mardi,60
sally,236
khoja,7
anzac,164
missy,71
pasha,76
daler,43
taint,25
iliad,73
waged,47
walla,65
squid,242
hoods,40
lohan,256
neddy,2
utero,10
twink,20
stomp,69
bravo,196
urine,145
snafu,194
perky,5
pipes,90
jelly,146
flour,58
jumps,12567
salle,244
siren,48
loris,18
dalai,240
lilac,381
shaft,77
spoil,63
drops,125
timon,18
clary,14
woody,188
jihad,278
dryas,6
dingo,100
arber,5
akron,146
curry,241
pussy,212
chola,31
dildo,95
bruin,59
piety,14
eland,39
satem,2
cleft,41
kraft,57
pivot,37
recto,9
idols,23
manny,289
exits,602
comte,32
ramon,97
mahal,178
raves,42
banus,12
turbo,181
rumba,11
nomen,214
oxide,185
valve,209
pubic,43
smirk,2
drift,170
amber,160
swami,32
modem,78
glove,184
hyrax,4
ozone,262
renal,43
colic,4
kirby,314
snape,85
albus,69
grint,62
hijra,6
tamil,324
hindi,158
cakes,41
magus,6
lefty,283
glans,20
sheol,4
suite,307
idead,1
oleic,1
vedda,2
crust,86
seoul,369
daman,17
hagia,23
roque,18
folds,37
assam,53
aeons,8
phane,73
thane,12
sheng,35
banda,31
chubb,12
mummy,183
seals,209
anglo,388
bursa,17
clove,6
idiom,40
cafes,12
sushi,98
andes,69
fakes,9
crips,39
waist,130
sabot,8
alloy,89
pumas,14
mobil,25
epoch,44
cores,18
exxon,158
laver,76
taxed,26
usque,1
brant,37
lieut,198
sabre,154
treen,3
lisle,25
lossy,5
lunch,249
anise,2
micro,208
arjun,517
tutor,26
shiva,73
cheat,76
sloop,17
floss,13
marga,9
spore,62
sirih,1
haydn,91
faddy,3
necks,11
sweat,75
issei,2
batik,15
forts,46
logie,26
syrup,88
totem,55
hasan,104
solan,3
chefs,16
durst,43
leone,272
billa,12
indic,10
amply,11
canny,2
ratan,5
dairy,106
burgh,13
sands,182
jumbo,77
hafiz,15
joker,89
zilch,6
torch,530
vulva,34
sahib,67
bigot,14
wires,82
pinch,292
leaks,26
axial,38
rapes,49
lever,103
spies,93
bifid,1
spear,123
grama,5
tramp,122
atman,3
horny,37
sagan,48
grail,81
linen,102
tambo,4
nehru,60
lamba,1
ganga,35
sadhu,6
churn,11
amrit,10
sough,1
makar,3
avian,82
covey,8
forks,166
hairy,40
viral,79
duffy,83
taupo,20
brash,49
biome,85
aland,100
mommy,23
fleur,46
busby,59
maori,81
kench,1
parti,28
marae,3
cider,43
lahar,13
salsa,79
anion,45
louse,35
sewer,35
baned,8
smyth,99
greed,53
eaver,57
melon,48
medio,3
stout,49
repay,26
fetal,50
cutie,23
trice,11
emote,97
milan,645
mitra,8
mates,79
prank,95
aches,1
scone,14
zonda,25
overs,1332
hatch,193
poppy,44
witty,43
franc,43
twits,8
flush,55
helms,100
stunt,105
snell,34
sears,156
purse,81
jeans,88
fayed,20
baked,46
hsien,30
aides,38
auger,16
aries,96
peste,2
swish,7
lemon,375
diode,103
prius,24
bogan,43
kiddo,7
lenin,220
wagga,87
flute,102
poles,196
sighs,9
goran,49
theos,8
varna,24
snuck,11
lymph,11
novas,5
ethel,67
whisp,125
fetus,123
mania,62
hyper,68
tamer,22
quale,16
wicca,128
judah,50
bulge,258
milty,109
artic,14
mambo,32
doges,2
summa,4
arend,51
camus,23
dumps,37
quell,62
flint,257
owing,124
arbor,86
derry,122
primo,18
pagan,44
nubia,13
joule,67
pfund,6
knell,6
dukes,92
duchy,69
fluke,26
adapt,48
hanks,125
ewers,8
crick,62
campo,49
jaunt,2
armys,5
wares,12
bales,14
baton,207
barns,9
heals,7
foggy,28
raced,294
doser,171
brush,113
hacks,23
leafs,889
fermi,36
tapir,153
dorje,19
crisp,76
rorty,3
falun,46
rayon,18
cared,45
taboo,48
clogs,13
weeds,18
shrug,18
verry,8
fries,51
ahold,10
vodka,71
reddy,68
scalp,12
lysol,10
dungy,40
dhoni,37
scrod,2
harpy,32
havel,16
wootz,3
hadal,1105
pines,49
emory,74
stink,39
koran,21
mists,2
legis,32
crude,210
birdy,15
bagel,42
spook,12
stray,47
chams,2
vegan,137
prune,15
whomp,80
vivat,68
dooms,46
sampi,187
prima,61
pombo,1
tufts,68
zippy,37
tempe,63
incur,21
litre,172
harms,24
risky,43
tendo,2
trier,60
sangh,28
gluck,4
ethic,34
serra,66
apnea,29
semen,23
aster,84
diane,122
footy,235
stein,84
heder,13
marge,71
manta,23
ducky,14
griot,14
jizya,3
sloan,75
midge,6
frown,19
aggie,96
rever,59
brake,211
izard,15
ricin,12
tarot,29
peeps,32
crunk,46
gents,3
spree,133
folic,69
kongo,38
vigor,18
inane,31
spick,47
levis,14
ivies,11
hymen,28
sting,174
needn,21
kusha,1
sines,8
farce,48
kicks,179
gerbe,3
plies,68
bundy,69
justo,16
pinto,47
bingo,36
fogle,26
vinci,346
verdi,99
lilly,46
parry,61
janus,26
bebop,47
dobos,1
seton,74
zorro,107
brees,122
usher,123
kafka,45
roach,81
dorms,20
halls,123
frats,3
brats,10
meals,54
yeast,89
focal,86
coker,61
duped,13
hypha,10
vitro,62
hyena,46
addis,42
stine,76
femur,20
locus,19
crewe,50
putty,23
swank,37
wills,116
dinky,6
cline,42
cocoa,67
boort,5
deans,6
janet,205
tolan,25
frist,32
frets,12
hanoi,83
tulsa,208
lawns,14
liszt,39
conic,10
jibbs,32
shaul,11
wring,2
riven,6
mysid,28
loony,9
spiel,12
casus,80
belli,94
smelt,14
bucca,11
spurs,426
asses,29
norma,69
kaput,4
lapin,3
lordy,34
sieve,14
vidya,10
krill,33
skips,17
eidos,11
leppy,1
bocce,19
bodhi,7
domed,22
lazar,16
truss,86
rabid,21
epoxy,13
journ,4
scape,22
fines,64
debts,58
writs,10
rogan,33
tapas,13
elide,3
knuth,8
robur,8
blanc,145
hates,71
vault,592
judas,79
hazen,110
breck,6
ivory,176
punic,85
kumbi,5
paled,8
robes,18
greet,25
dinar,37
dicky,18
boyer,120
lowry,78
gules,73
minar,9
ameer,8
boise,269
gully,39
sirex,19
parma,56
capon,9
horry,90
ganja,16
hamel,23
sager,10
grunt,84
ditch,66
levin,44
snide,20
gamut,8
leech,57
skits,17
parte,28
hobos,6
sabra,20
filly,3
tenet,20
xylem,22
kendo,28
palms,58
beths,2
pence,24
kayak,33
lupus,61
feign,6
llano,9
osage,25
plebs,11
gable,47
homme,20
civet,7
amour,69
cates,29
virga,4
risks,100
galls,1
motte,19
gunda,6
sheds,38
bueno,49
madre,24
fanny,191
soggy,19
eared,29
narco,11
fader,9
porgy,13
aegis,33
lamas,19
erika,67
leash,15
tweak,30
hades,182
hedge,84
dimly,5
heady,4
gaels,7
synod,8
mower,61
banal,4
quant,17
deval,27
roper,45
rouse,46
algae,73
hokey,14
pokey,14
wager,38
macao,131
quarl,61
sling,30
quoth,38
malls,41
altos,42
venin,3
boson,18
patsy,58
cults,30
neeps,1
geoid,4
pared,14
faire,98
limey,5
sheik,33
viola,111
xenon,67
altho,5
leavy,4
lexic,36
pesky,27
hondo,25
guaka,2
dicks,37
burry,4
bilbo,32
gland,75
unite,76
pikey,16
degas,48
sabin,6
voter,167
deady,1
boule,6
taber,2
claro,3
privy,120
arian,26
chaff,11
prong,14
caged,19
jello,16
cairo,273
wally,242
bites,34
sooty,5
beers,30
fused,22
mitre,8
nelly,183
ovary,15
boner,28
manto,11
casas,25
stave,35
hawks,1116
mulch,3
wafer,8
veins,34
gyros,11
ology,2
finer,18
lapse,38
sacks,359
carne,31
septa,63
ravin,3
ligne,6
skiff,65
orcas,9
winch,4
arras,44
drams,18
fuzed,6
grids,28
allan,523
gowns,64
donat,15
dunne,35
greta,49
garbo,17
pappy,5
reels,56
drone,39
liven,3
petro,17
trios,11
cello,61
temps,43
epics,9
bells,63
liras,2
poesy,1
ammer,1
glean,18
xviii,102
shogi,10
texan,30
tweet,6
talon,72
equip,47
sikhs,81
kempt,4
genie,101
valor,71
slain,44
aided,272
chant,50
waved,94
taker,85
gowan,1
fords,51
towed,95
rungs,9
rhein,29
budge,40
drape,10
edict,49
horst,57
loans,109
wards,38
aloft,65
drags,11
ionic,56
sagas,3
blows,120
scoop,46
dwell,20
recce,15
gurus,17
tripe,13
unfit,33
fitch,121
raids,295
roche,69
savoy,21
brink,92
cleve,14
hurst,147
emden,8
paced,71
euros,53
tiers,23
stead,48
poach,4
conny,42
inken,1
stung,14
dunst,19
wiggy,10
perch,25
gummy,10
fined,166
grins,2
ribby,1
ament,4
lends,27
gluon,4
taper,4
tiles,41
tudor,104
hangs,29
haunt,27
ouija,26
swats,1
quits,22
stabs,8
pawns,30
heirs,34
nymph,15
ikons,1
jetty,12
inlay,10
poise,16
dazed,17
agata,2
lucet,1
expel,28
manak,2
chowk,4
bazar,16
paged,6
inert,25
conte,21
flees,19
biter,11
maire,6
waver,8
herbs,15
boost,173
dales,12
menus,12
coven,10
niece,18
boobs,19
meuse,101
frise,5
seams,18
pense,18
woven,17
silks,17
plaid,38
soles,13
tunic,26
jupon,2
gipon,2
satin,32
smock,22
sexes,24
cotte,6
gores,5
widen,37
barbe,3
snood,5
soled,3
zoned,7
gunja,1
coats,124
haine,4
brine,25
rinse,3
horde,28
elves,11
shits,11
givin,4
edith,521
octet,8
caner,1
misty,54
topaz,44
marid,1
ergot,8
pekin,4
helio,12
navel,16
mufti,173
skeet,28
swine,29
snack,51
ponce,126
vedic,23
trait,33
tarts,46
cesar,118
quito,72
skulk,1
vivre,32
odors,1
azide,5
nexus,26
nutty,19
booze,10
colts,1056
flier,7
hodge,93
woolf,30
vapor,96
mises,11
delft,15
finns,18
argos,37
pyrex,4
galen,35
spank,13
rupee,24
spina,39
nabla,5
payed,11
moans,2
axels,1
volva,1
kebab,44
ricks,20
skirt,86
vinny,68
boser,1
bania,3
nawab,15
houri,6
preps,4
perks,27
chyme,6
xxiii,78
hives,7
taffy,16
steen,23
pavan,7
regia,11
spoom,8
janes,16
cadre,95
kreis,16
fussy,9
visas,30
murza,1
kutta,8
timid,9
noisy,45
fount,4
umist,3
earls,43
wilts,3
wigan,104
berne,68
lyres,1
gloom,8
slime,32
nanny,36
halfa,10
seize,149
casal,8
minot,57
nitch,2
lings,1
toyed,4
peaty,1
sault,76
limbo,26
clamp,17
serum,53
bates,145
acorn,53
gabon,193
donis,6
gammy,1
whigs,40
tater,34
puffy,17
forte,24
warts,4
meads,15
telia,5
bugle,41
optic,40
debit,24
ising,3
snark,12
bosun,3
stork,35
freer,23
binds,23
gloss,30
thong,22
chufa,1
caddy,13
betta,12
synch,9
kooks,32
diety,3
bowls,171
alamo,270
arche,6
cholo,17
folly,18
slavs,30
desks,9
agile,27
bandy,19
moble,5
halas,64
fauna,63
minos,7
twang,3
suing,30
raged,41
zowie,14
peavy,14
zakat,7
aorta,11
nukes,16
xenia,11
radon,55
dames,19
flair,70
elegy,6
tiara,17
ulnar,3
whish,3
bolly,2
raver,9
hazed,1
ifrit,5
mince,4
tasty,29
molar,12
cocks,39
tacit,23
mensa,22
corgi,11
acton,26
yager,10
druze,45
cysts,2
spiro,35
furan,8
dough,14
solon,34
vomit,17
raped,80
groin,57
jacko,13
edger,1
tacky,8
haste,35
sluts,17
banco,23
poops,22
tigon,26
crook,54
enema,7
softs,1
elope,5
vouch,11
luger,30
dunce,9
ferri,11
karch,3
apter,1
sware,2
bourn,2
foals,6
vadis,8
coder,3
basti,1
genoa,87
truce,130
rites,27
scala,7
bantu,36
gotha,23
conus,25
herds,11
crypt,14
giver,68
buran,5
swipe,14
lough,13
bared,30
penal,71
annex,55
stite,1
antic,5
lease,107
sicca,1
hants,10
laksa,6
bakes,2
natch,2
fecal,33
combo,21
hoyle,10
slurp,14
croat,52
lipid,72
hertz,57
hocus,5
pocus,5
yokel,8
tempt,5
crumb,1
nisan,6
sheva,5
timer,66
mores,7
gaunt,22
homey,25
biffy,5
taxon,7
threw,1784
flack,18
stong,6
polis,5
clump,5
kinky,18
cupid,53
chops,8
matey,4
bruit,1
avast,5
scart,2
grimm,60
pygmy,33
puget,45
blaze,180
moola,8
lambs,29
rhema,31
gruff,16
valse,1
quids,1
uvula,4
pithy,4
shady,76
async,3
chump,6
punto,18
fucks,17
druid,29
whips,9
spool,17
nagel,23
stair,18
saucy,4
zetas,2
succi,1
bodes,6
namer,9
kudos,46
barth,25
rondo,17
satis,3
angst,18
foils,3
palmo,2
sykes,46
radii,14
steed,15
ceiba,13
scarf,24
norms,35
lorry,40
mucic,4
tabla,15
terre,32
nicks,19
roker,12
risen,87
pinko,7
obese,15
alder,15
karst,4
dowdy,10
crier,6
cuddy,8
bimbo,12
quail,27
blond,32
paisa,5
shrub,30
salve,10
whorl,1
agora,18
dirge,13
amity,32
islet,8
wiper,9
anker,4
wheat,213
ahunt,36
dicty,12
snuff,46
bosch,99
porky,11
deuce,61
manet,8
spats,11
sleet,14
thyme,44
piton,4
loran,7
brood,10
lanky,12
cajun,20
katar,1
tutti,8
balsa,18
profs,2
sloat,8
gonal,36
tagus,13
lousy,41
spits,11
yucca,15
chars,5
hinch,6
nahum,4
glial,3
shale,42
hanna,79
bijou,3
josie,17
grate,20
pints,18
mavis,24
willi,21
chloe,92
toffy,2
gipsy,4
canto,19
frogs,122
agios,6
tokay,4
fibre,29
audit,40
brunt,75
latke,1
thoom,1
siafu,9
chino,25
crete,85
bowel,19
pocky,4
longs,9
dowry,10
shays,22
licet,2
guppy,15
canty,7
barba,10
chary,1
conch,22
decks,23
toxin,20
benin,126
wench,7
ghats,8
aphis,2
boast,29
clift,8
clave,2
aleut,5
riser,17
flail,8
carle,22
diets,9
crows,58
ensue,15
hasta,19
sutta,10
riche,9
dives,8
cowan,58
flops,20
tubby,19
squat,25
slake,3
fugue,53
hilts,1
liber,9
bendy,2
gusts,157
arish,1
jacks,33
pally,4
wacky,32
croak,16
devel,1
crock,9
bonne,6
abbes,2
nests,9
shako,7
lucan,75
golds,49
khaki,22
boers,8
wraps,17
fuels,43
marka,8
voids,6
recon,150
hinds,31
curio,7
cased,20
copse,10
lepre,4
stupa,6
abuts,2
levee,80
strap,38
whata,2
sarge,15
ssort,1
tabby,29
fungi,6
dimer,20
allyl,5
fumes,20
minas,16
cooks,20
moira,16
horae,2
urges,36
rents,17
tiber,12
jazzy,29
medic,21
karat,13
icing,34
aways,7
mired,13
lapis,10
wefts,1
slits,14
puffs,36
reeds,10
veils,13
coifs,7
thigh,38
pouch,17
brims,23
stree,1
slams,144
ledge,11
vents,11
curls,34
gaily,1
junta,310
kiowa,33
iller,3
laces,9
galla,6
tatar,8
stash,16
hoops,34
pater,6
damme,31
marys,15
lobes,10
spasm,9
bryon,14
cools,11
batty,48
yobbo,3
ratel,11
lysis,2
julep,14
hairs,12
sober,30
trina,32
fives,39
smoot,27
jerky,22
plena,3
necro,4
gemma,52
taiga,70
creme,43
libra,63
apsis,1
doria,25
stonk,1
greys,17
glade,14
fists,23
grays,63
titre,5
croft,84
suave,8
kemps,10
tawny,10
jawed,8
woops,6
stott,12
yummy,14
fates,19
splat,2
dicey,6
atoll,96
ghazi,19
fells,5
pumps,33
lusty,3
lungs,35
frees,4
bucky,79
flirt,7
mimic,33
busts,16
halve,10
wonky,5
deism,11
whack,17
punts,135
tulsi,5
accra,33
felon,9
keyed,31
aliya,5
bubby,7
junto,5
fixer,5
kayan,2
carpe,13
haire,4
cures,13
maven,7
peart,36
brule,12
boras,11
vires,14
krang,2
juicy,48
fluor,7
nappa,1
pansy,20
salvo,20
pyrus,4
mamba,22
yerks,2
quota,75
mogul,26
ursae,66
mover,16
mutch,5
gesso,3
hunts,11
wingy,3
theer,3
truer,5
slush,25
wiles,12
hails,13
drury,64
amide,11
shish,1
guile,12
syrus,6
gourd,5
chink,39
rebar,11
laure,6
friar,14
jasey,1
exies,1
quiff,4
piped,34
stent,3
diner,43
annus,11
craps,17
keels,14
meech,13
usnea,1
oxbow,10
herry,4
nonda,5
tibia,84
jibba,1
glace,48
shams,35
bossy,30
twere,1
ecole,14
miffy,1
shrew,32
bulbs,15
turco,21
altar,40
prats,11
laith,6
comme,54
froze,28
tumor,63
guava,7
meted,11
grice,23
aesop,58
gouda,8
rhomb,5
trews,4
skoal,24
snare,27
fatso,3
musha,11
mondo,13
plank,55
shear,724
hecht,40
glide,24
forra,1
inept,23
feeds,39
glaze,4
bawdy,7
amass,19
chasm,8
gaffe,6
harps,2
xeric,3
morro,20
crabs,9
bable,2
grebe,5
ferns,4
tosca,6
beset,14
joked,23
bitts,1
krebs,14
octyl,3
croci,1
pager,4
minim,9
decor,3
crain,11
taunt,12
butyl,25
cetyl,1
mowed,4
waxes,7
dewar,9
liter,45
bromo,124
plums,2
basil,81
nonyl,3
meaty,16
aroma,4
fusel,1
actin,8
imino,2
outdo,5
plugs,27
goers,10
litai,13
leger,14
poule,4
albin,7
saran,9
ovens,25
freon,3
gases,51
heats,268
foams,2
infra,10
ortho,53
diols,3
ketyl,3
malic,4
nasal,42
sarin,21
azido,1
xylan,9
oxime,6
cumin,1
beige,13
soils,19
plume,55
inorg,2
flask,19
cyano,1
dwelt,9
usurp,5
trite,5
padre,33
mules,40
slump,92
grams,61
agape,11
chore,3
relic,15
jiffy,14
enoch,58
idler,4
bleep,13
sofar,4
clays,4
sonar,27
kalpa,5
meths,1
param,19
mahar,5
kroon,19
litas,31
hymns,18
phare,4
verre,5
mulls,1
celeb,11
drome,3
spine,48
pesos,71
loots,4
tajik,25
bongo,37
ruble,7
maids,10
brace,26
bails,10
halts,6
prado,15
inion,3
taxus,3
fouls,61
swazi,6
tithe,9
vivas,1
ugric,7
chime,49
blips,3
iambs,1
hiney,1
aback,13
spied,4
sower,4
boggy,10
razed,18
newel,1
tints,3
sofas,1
gated,12
coals,4
peggy,61
babul,1
belie,1
bally,11
beryl,101
chiao,10
speck,8
jingo,1
boing,17
decoy,10
trots,1
pelon,1
vying,20
hammy,6
muted,15
lunas,3
verso,11
imago,3
missa,2
agnus,3
vertu,5
legge,24
intra,32
brits,47
askew,35
modal,16
hasnt,13
hiked,3
vicar,19
thung,1
annat,2
exert,27
saros,3
enact,27
macks,2
hynde,1
rowdy,19
manus,5
chews,1
warms,5
gasps,2
parsi,6
copes,1
raper,7
hache,2
perle,20
scams,11
valet,7
swizz,4
safes,2
veers,1
drawl,3
nomic,2
jacky,60
bumpy,10
duroc,1
rebus,10
rimes,13
vivos,3
crore,10
hosen,10
grote,22
inked,9
hares,5
dotes,1
papas,7
claes,25
paned,5
albee,7
digne,2
avgas,3
aimer,1
nisei,14
haole,3
dabba,16
bathe,8
tuner,16
matha,8
ratha,1
nance,19
dunes,32
knish,1
corky,8
linga,2
matin,8
swamy,3
barge,34
brise,9
groff,14
inlet,29
sedum,1
krona,4
zaire,125
duple,1
lasso,9
machi,11
dormy,2
laton,3
yarns,6
thine,1
heros,17
iceni,2
woden,3
drago,51
dinos,2
espec,1
sakes,10
rarer,12
cames,4
poked,14
presa,9
glued,7
aldol,4
dries,13
roped,6
bundu,6
swart,4
eaves,22
foyer,7
pongo,4
perdy,5
inset,14
fling,12
sepia,15
toned,33
adept,13
styli,1
koans,2
refit,43
tanga,8
snipe,18
tuber,11
puddy,4
grosz,2
dolor,15
culpa,24
lagan,3
duels,20
lexis,18
blurt,2
tolls,27
hales,4
looms,8
natal,66
pacha,4
bikes,74
pylon,29
pingo,3
torus,6
gyrus,4
miter,8
aphid,6
sprig,2
tuque,5
magma,54
soapy,11
crape,2
peony,3
homos,6
engle,33
salma,40
foots,1
brith,6
durum,2
hells,23
chiba,43
quint,9
runny,2
igloo,41
lovat,16
expos,188
dowel,6
punky,3
lumps,12
tween,7
joust,1
buyer,17
steno,4
kella,2
ewing,95
copps,20
taupe,2
credo,19
whims,9
sarus,3
wride,1
piezo,2
hatte,1
sermo,1
sambo,13
doped,6
hilly,15
acoma,5
bonny,30
jutes,3
chara,12
melos,4
herby,39
zooms,4
whelk,4
chard,6
louch,28
antal,14
datum,20
miaow,5
agony,23
metes,4
mixer,12
biker,24
bolts,41
studs,17
vanes,7
crate,10
datos,9
senor,7
repel,32
rotor,38
moder,5
ceded,26
metra,41
theat,3
yanks,81
silky,6
expwy,2
jeeps,22
riffs,10
jukes,3
jewry,4
waned,18
telic,30
trest,1
umber,7
reina,18
mahoe,3
flaps,12
priam,6
fonds,18
carib,20
joshi,12
odeon,6
uncut,28
honed,3
leans,12
sergt,1
prawn,18
quips,3
poohs,6
booed,49
spiny,7
galas,2
zloty,3
feats,23
irons,35
spier,1
jeers,5
porto,162
olden,8
pikes,48
porte,19
kukri,5
kerch,15
alden,21
poppa,8
beaux,5
heist,8
vigil,44
trama,4
lakhs,7
bevor,2
recpt,1
simas,2
vices,7
sapin,1
voces,4
bando,32
pases,1
wifes,5
corta,1
visto,4
golpe,11
slaps,4
grano,4
tanto,11
boric,20
deads,6
blush,5
corse,26
kilos,7
borax,20
chaps,5
autre,11
lunes,3
sects,12
liers,1
horas,11
carga,1
revel,6
pavia,5
gored,5
warps,3
comas,31
serio,2
mains,34
bulky,16
sills,2
vitry,2
heils,1
tippy,11
coffs,24
tonic,20
lowly,29
frosh,1
froth,30
acker,15
duras,2
aloof,11
leven,12
maris,96
dayan,27
kakar,5
kalan,8
arain,9
anvil,18
vanda,7
gusto,6
oriya,4
shree,9
infos,14
ocker,6
hewer,8
paras,19
asoka,4
evils,14
obeys,8
sleek,17
ulcus,1
thorp,6
howes,7
tombe,1
podge,7
rodge,4
brisk,18
vixen,4
arias,41
rivet,25
davit,5
vamps,2
kooky,5
marly,8
passe,6
aller,7
timbo,3
kohen,11
causa,5
lager,31
bolos,1
commo,1
folie,8
leese,4
hived,4
morin,17
kutch,11
cronk,12
frock,19
sorel,8
danes,42
putts,9
carty,7
epact,2
eases,8
maxis,15
girth,5
wends,1
terns,2
noons,1
juror,36
skeat,2
alibi,22
afire,8
cribs,3
bumps,22
tench,5
quave,1
rimer,2
amani,27
casts,26
doric,10
dopey,3
lusts,3
ident,5
shoji,5
lobed,2
ganda,1
amora,5
gubat,2
snaps,25
scaly,1
chine,15
ketch,3
bizet,31
livre,4
smoky,54
bombo,3
rooty,6
frill,17
hoist,13
beant,2
vines,37
matzo,4
manal,1
hough,19
malwa,5
brite,12
surat,15
banga,4
offal,3
eniac,55
toads,7
bloke,14
annum,16
bloat,11
halva,4
moony,2
polyp,11
pulis,12
spica,4
polio,22
rotan,1
bachs,1
bunty,6
swung,78
paseo,13
nival,1
amban,1
mbira,4
paces,13
anura,3
nudes,2
trill,12
strut,12
bight,9
downy,5
furze,3
domus,6
sakai,55
inula,1
dryer,15
qiyas,2
turds,2
begum,8
cooch,6
kapur,7
sheth,3
sivan,1
selva,5
sooth,1
beedi,2
erode,10
maars,1
lathi,4
lekha,3
kiley,8
skews,3
tryst,3
autos,7
jnana,4
usine,6
bande,4
tokes,2
brier,46
tenon,4
argus,40
orpin,2
choom,1
toque,1
vibes,3
ileus,1
chows,5
pardo,18
hippy,14
benne,9
muzzy,6
tuple,5
ronin,30
kudzu,10
sieur,18
kafir,4
winey,2
balut,6
choco,6
phlox,3
animo,1
tetra,19
jaded,10
wuzzy,13
milos,16
fares,30
demob,1
brahm,10
almas,7
mappy,2
manos,28
elfin,4
spall,1
atavi,6
mezzo,9
cowal,4
ficus,7
bwana,4
cully,16
graal,6
hiren,9
posey,19
capel,10
raked,7
purdy,14
quipu,6
sloot,4
rifts,6
buggy,29
highs,57
swarm,95
stump,84
cosmo,27
thews,3
shoop,13
mumps,46
sealy,2
wahoo,9
samba,24
caval,2
spate,20
routh,9
prude,11
gumby,14
gumbo,14
gault,14
yikes,26
knorr,3
aglet,3
digue,1
nappy,6
debye,4
pooch,8
moped,6
pinot,4
avert,20
kyang,4
melds,1
hosea,8
sissy,13
veena,1
lakie,1
carer,1
purty,2
fishy,30
soupy,2
sisal,1
outen,13
cramp,26
etude,8
baggy,11
bouts,9
basta,4
swash,2
samaj,7
tania,12
hakim,31
leper,5
lumut,2
minge,35
hendy,3
hyson,2
foxes,58
petre,8
pichi,19
poley,2
cabby,1
combe,13
nixed,4
tunis,116
eyers,2
armit,1
niter,1
muntz,3
labia,10
hadji,6
sixes,142
cacti,9
biddy,3
yangs,1
cloke,5
bares,2
webby,18
crout,1
beefy,3
hubba,12
amati,3
proms,3
matai,2
pinta,9
brews,2
hoots,2
shuts,7
calla,6
preys,1
glick,5
nosey,2
scuse,5
goons,14
gulps,2
waxed,10
alkyd,1
caved,10
milly,6
fluyt,2
laten,1
oliva,52
tamed,5
lotto,61
moods,4
spiky,6
ouvre,2
tates,5
madge,5
ulema,4
heiau,5
clasp,6
keawe,2
morel,15
hullo,7
monas,1
kabar,3
rakit,1
terap,1
heaps,15
antsy,1
pharm,2
hexes,4
imban,1
mincy,3
doves,19
conky,2
curvy,11
zesty,1
hippi,2
bipod,2
jinks,3
okrug,4
burbs,1
mutts,3
goopy,2
caryl,2
oldie,6
swain,21
slobs,3
stile,4
artsy,2
chewy,3
sneer,1
denim,23
moxie,9
waive,8
trays,5
vests,28
burro,2
snows,10
flick,353
bores,5
graze,5
vitae,15
encyc,3
grein,2
amiga,27
algum,2
teres,9
nomes,3
beira,11
botas,1
foram,4
fosse,29
seres,1
mudar,5
metas,1
vamos,3
aulas,1
deles,3
haver,1
comer,11
cauda,1
sabes,3
sitio,6
vagas,3
pares,1
daver,1
savvy,18
qualm,1
guano,5
sacra,5
sowed,1
fryer,14
coyly,2
skims,1
nulls,1
junks,2
wecht,5
rerun,18
trims,12
waded,5
mamie,13
plass,4
wines,30
indol,4
unary,2
shunt,14
vagal,2
latch,5
glome,2
octan,1
orcin,2
assay,16
torte,3
yalla,2
minty,2
sizer,2
dawns,6
barre,57
flook,2
sidle,4
yolks,2
staid,3
tonne,27
kazoo,8
unbox,5
lanai,5
asper,17
petri,40
selle,4
ranis,1
topis,1
flyte,2
poort,1
ragas,4
prays,1
musty,3
slimy,6
pours,15
fared,80
idles,3
dongs,1
bangs,19
gassy,1
winks,13
liana,9
limpy,1
oomph,5
atria,3
ashen,7
fangs,4
abele,1
plush,10
accel,8
aider,21
woken,5
ulama,5
roosa,2
sways,1
leant,3
bafta,34
penta,2
sates,4
fumed,4
emcee,9
kneel,8
rages,1
orate,5
hurls,3
spilt,11
thump,9
gaddi,8
spars,3
trams,8
ephor,4
nabis,8
archy,2
seeps,2
agoge,2
trawl,8
exalt,2
morae,1
routs,5
clout,12
verus,5
afros,1
perse,9
xeres,4
bleat,3
pokes,3
uzbek,9
macan,1
allay,8
roost,2
serfs,6
afore,7
hoses,6
peppy,4
ilium,3
salon,42
masha,2
liane,9
cobol,12
foist,2
toots,7
stull,5
abend,1
tenne,2
peons,1
howls,7
mease,1
balao,2
bouge,1
pilau,1
baldy,19
swore,30
virge,5
twill,2
jambe,1
trapt,3
curdy,1
mirvs,2
dovey,5
taked,1
vlach,6
turki,10
oases,1
shahs,3
slays,3
bilge,4
teles,1
berat,10
poros,1
feuds,14
irade,1
dorsa,1
thema,9
grece,1
tozer,4
ordos,1
katun,10
domes,10
pinus,1
larix,1
picea,6
vases,2
yurts,1
midas,35
satyr,13
gazed,3
daric,5
bribe,9
minae,6
obols,1
firma,5
quart,6
rafts,10
glint,7
paean,8
leapt,24
nobly,8
geese,16
oaths,22
haply,2
slink,1
abler,1
toils,4
riper,2
plait,6
lochi,1
nonce,6
chian,2
elude,11
crags,5
gleam,2
brows,5
feint,10
seers,9
dropt,1
ailed,2
doled,3
fowls,1
passu,2
cairn,11
oared,8
slunk,2
foray,14
stags,23
vexed,7
plump,7
stept,2
antiq,2
lithe,3
liman,2
dined,3
loamy,1
boded,3
lurch,10
alala,1
marts,14
scamp,7
dupes,1
loins,3
smite,1
slipt,1
trove,9
reaps,1
adage,6
blest,1
payer,6
abode,4
smote,1
nazim,6
porta,11
tabel,1
cored,1
slife,1
toros,23
garni,1
lapel,3
manas,3
afoul,20
malam,3
cages,3
chica,3
sicht,1
djinn,3
larva,4
blazy,1
unify,8
woosh,5
auris,1
hiver,3
noter,3
sicer,1
stoss,12
carob,3
crake,4
lense,1
dyers,4
swims,6
knobs,16
neats,2
taube,6
typer,3
opals,1
geist,6
stary,2
dessa,4
hakea,2
heald,7
prowl,6
larch,3
tourn,2
groat,12
anole,10
rasen,13
glows,6
nummi,1
scrin,6
swoop,9
faxed,4
facie,18
leste,62
aunty,1
ditty,5
emmet,12
retry,4
frase,3
bloop,30
groan,4
loupe,4
pangs,2
kyrie,4
copus,4
barra,11
brava,12
bauta,5
wishy,8
washy,8
hater,16
drips,2
goofs,11
yowie,9
smogs,1
scuds,9
ender,32
frere,3
fuzes,4
ladin,8
leery,3
abhor,7
imbue,1
nudge,11
krait,7
voila,6
loons,2
tiled,10
civvy,2
hakam,1
nidal,18
jirga,28
jagra,2
burly,4
scabs,10
corny,9
nitty,3
jodel,1
goave,1
coups,42
mushy,5
reefs,16
remap,1
jocks,5
aunts,6
jails,19
recut,3
alban,9
holed,30
blobs,5
situs,1
basso,51
gripe,10
murky,9
atone,8
gruel,1
wooly,3
anniv,2
betas,4
gaudy,6
buras,5
jerez,61
corks,7
ickle,5
whoot,2
gusty,36
spurt,15
roams,3
peels,7
agers,5
altun,3
peeks,2
outre,1
onces,2
youse,3
surfs,1
exude,1
menat,2
nieve,3
capes,14
mulla,7
faits,3
shuls,1
bunds,1
adsum,1
unden,2
semis,32
hanse,2
livid,11
flaky,8
smerk,1
ambos,3
sider,5
yince,1
drunt,3
zonta,35
prost,784
prods,4
areal,2
oshea,1
welly,2
swirl,47
pasch,3
buoys,7
scoff,2
nudum,1
matta,33
fours,181
tilak,5
bused,7
therm,3
newsy,18
swabs,3
yearn,3
motty,1
lunge,8
shush,3
whops,1
saver,13
crois,5
hided,2
yakin,3
richt,21
kiwis,20
dingy,7
hosed,4
girly,3
listy,4
thegn,4
wheer,1
selfs,7
caput,1
amala,3
booms,3
tilts,4
mumbo,1
pieta,1
untop,2
lulls,3
ofter,3
liken,1
godly,10
adorn,5
fouth,2
hunch,12
frisk,3
neigh,2
knick,5
jibes,4
moles,10
bunns,1
hissy,4
gooks,1
clams,3
langi,4
trank,1
donut,13
madly,5
spicy,14
balat,1
baloo,8
scold,3
huger,1
hight,3
klong,1
imput,3
effet,17
mopsy,1
ovals,5
looky,17
drees,1
milks,2
netty,1
swath,17
skids,6
scums,1
harbi,3
jumpy,6
nazir,7
bitty,3
slung,6
navys,1
evict,4
scour,3
duals,1
coned,9
aspca,5
riled,4
viver,1
dancy,1
senex,1
mulga,9
owler,1
duits,1
uther,5
lakin,3
frons,5
hunky,2
saeta,1
sauna,7
froom,3
brach,1
redan,16
cluck,7
shive,1
sayer,15
rebec,3
genet,4
bevel,7
ameen,2
arhat,3
halid,2
coley,6
pubis,5
bimah,2
telex,14
booky,2
pubes,6
milla,31
revie,19
anjan,2
ruddy,6
bouch,2
stope,2
kadis,1
humpy,3
bawls,10
stosh,1
citys,1
kondo,10
regal,35
knave,4
smuts,4
luser,1
alose,1
sprit,1
delph,2
whizz,6
santy,3
lumpy,39
salus,6
grime,7
quina,1
bower,44
deeny,1
renga,8
becks,4
geira,1
wrest,9
benni,11
waddy,3
lenth,2
shola,1
pampa,7
parrs,1
croup,2
spurn,3
colet,5
slums,9
lache,1
catty,1
opine,2
aggro,5
enfin,4
loopy,5
dross,5
plonk,3
reman,27
heigh,1
boder,1
heeds,1
spirt,2
blocs,5
moyen,5
connu,8
glent,1
finis,4
vales,2
rance,13
usure,1
abord,6
nable,1
biens,5
exode,1
rente,3
rales,3
dures,1
perdu,5
uvres,3
geste,6
volte,2
poser,18
avoir,8
russe,2
riels,1
objet,8
liens,3
plomb,1
orage,1
pukes,2
tinge,4
stunk,4
wince,6
dices,1
bason,58
tubal,4
crimp,5
wyver,1
augur,3
fichu,2
boned,10
solum,5
regna,1
psalm,19
pudge,6
roars,1
testy,3
pelts,4
weald,6
boult,14
belch,1
avers,2
craws,1
ladle,1
bents,1
disme,4
pinks,3
tucks,3
shawl,13
gauze,9
cuffs,26
blued,2
ovoid,1
dirks,2
aping,2
fores,1
patas,4
bossa,14
spart,2
whist,2
toted,1
tenia,6
tonal,7
cutty,7
cokes,3
hooky,4
naves,2
thala,1
ducal,17
wilga,7
stirk,2
zulus,3
gulch,8
scran,1
egged,5
fleas,5
imide,4
cryst,3
ardor,2
blurs,1
dusky,8
agave,8
rabat,37
hoofs,1
plats,2
pinup,3
ladys,3
tiens,2
giddy,6
locos,18
papaw,1
sedge,1
lured,16
gales,53
brigs,2
oboes,2
brott,2
bourg,5
kilts,1
tatoo,1
cinch,1
prion,9
knyaz,1
sorbs,8
pilch,25
gigot,4
lowth,4
savor,3
gorse,6
muffs,3
lucks,2
saith,2
blore,1
fagin,5
thana,5
tejon,3
sepoy,4
dewal,3
arter,1
dayal,11
datto,1
mitts,6
abuna,2
shewa,7
dykes,17
agust,1
titis,3
lares,3
bibby,20
cowls,2
talus,1
deign,4
shrag,1
sunup,1
treas,3
tasco,8
grond,1
wilds,5
swags,1
dikes,39
coxed,10
maced,1
fname,2
gauls,3
drang,10
shorn,4
mauve,4
feted,2
burin,5
dimes,15
bunts,7
kotal,6
darya,8
salar,8
dubby,3
ramus,1
pears,2
honan,9
hoult,5
niton,1
bialy,7
neves,22
femme,18
growl,14
shone,11
fique,1
hulls,5
kauri,2
preux,2
marah,5
justs,1
stele,4
flubs,1
dumpy,3
crump,15
karns,6
slats,2
fultz,16
attar,4
grane,30
bouse,1
suddy,2
hauls,4
ritus,5
bergh,7
bache,5
topsy,3
flied,35
hoose,2
drier,19
beets,5
almon,5
pirot,2
merce,4
shant,2
zambo,2
cubas,2
pones,3
coria,19
banca,1
moroc,1
salta,9
parle,12
reist,2
pisco,25
fleer,3
simba,19
ajari,3
burel,1
seely,2
wryly,2
fakir,8
snaky,2
atlee,6
rearm,3
aeger,1
bogey,62
tulle,4
halse,2
skene,4
natty,5
rudge,35
miser,11
apian,3
stich,22
gowdy,14
aural,8
coped,7
molla,12
poods,2
douse,2
sawed,7
forel,2
colas,1
pyran,7
kluck,3
toras,3
fitly,1
grata,1
bigha,1
celts,21
annul,2
mites,1
zante,2
stere,2
zonal,98
wazir,4
sired,8
wails,1
bello,18
jocko,6
bogue,3
sewed,4
knelt,6
ravel,7
manis,2
enrol,1
marse,1
rappe,1
boles,9
letup,4
tragi,2
amici,3
alvar,5
andor,1
lamer,36
oiled,9
biped,3
blase,4
jiggy,2
lumme,3
gondi,3
camas,23
abate,10
mizen,2
thuja,11
fossa,6
glens,9
klutz,1
porus,2
cauls,2
spunk,1
dugal,3
pique,8
esses,22
snort,7
eking,6
rayed,3
noose,8
whils,1
gutsy,12
bucko,8
quist,13
shill,4
clots,2
dekle,1
tapia,2
tikis,2
kiang,4
lehua,1
nanga,6
voder,3
allis,11
kraut,9
ancon,1
swill,2
segar,4
scull,2
vocab,3
tetch,1
soury,1
scree,3
coppa,86
emirs,2
jatos,1
raggy,1
alkin,1
thill,4
dryad,1
manes,2
dolts,2
shiah,1
hulks,3
luffa,11
gnash,1
peine,2
dites,1
morts,2
yarak,1
boden,5
citer,1
holms,2
pasty,8
lobar,1
udder,1
gawky,1
balmy,2
mused,5
faqir,3
weets,1
slugs,4
murry,17
banat,6
samek,1
pails,5
saris,3
cedes,1
hazan,1
grimy,5
picot,9
laker,71
dived,34
abort,11
askar,2
roomy,3
asker,27
sesma,2
hdqrs,1
crams,3
bests,15
lemel,1
mufty,1
mixup,9
twick,1
singe,1
avows,3
quire,1
cerin,1
meese,2
assis,6
serin,7
slane,18
sysin,1
weeps,3
herma,2
leman,7
strep,7
lally,3
duper,6
pleat,6
zygon,1
rubus,2
dulce,15
arite,1
laney,5
ichor,1
brisa,2
stria,1
wurly,1
kesar,1
boney,17
iliac,2
hazer,1
miggs,4
neath,24
butty,4
pandy,3
dinge,7
ossia,1
curbs,14
alfas,9
tabac,3
tonka,2
caped,2
loral,11
chads,5
cleat,3
waugh,81
dinks,2
upend,2
pewee,2
relit,2
huaco,1
shuba,3
ranee,1
popal,1
aking,12
bakal,2
pacts,4
nandu,2
gleen,1
sugat,5
hazle,2
nippy,2
emlen,1
shute,7
darky,1
quare,1
thein,7
babis,1
vials,4
blain,18
liard,2
zebec,1
mikes,3
segue,2
shool,3
jural,1
longe,1
throb,2
keita,11
yogic,4
abstr,6
bitsy,1
semic,1
bough,4
molle,2
buteo,1
ogham,3
matts,1
dipus,11
nevus,4
gists,1
deary,3
coils,3
razer,2
cutin,7
loach,6
cobbs,14
soppy,3
petal,7
jebel,3
rosin,4
waker,19
colen,1
scarp,4
zombi,1
ritsu,1
gimps,1
appel,7
sages,3
nicol,18
ninny,1
liest,1
tames,2
stram,18
balon,11
squaw,17
mamas,9
couve,1
chins,3
burge,5
grout,5
liege,14
olena,7
beman,1
adios,6
soler,29
dekes,1
nobis,3
trull,1
paves,3
bubas,1
dorey,11
ating,3
serai,3
labis,3
pecan,15
hausa,10
debar,1
fango,1
kilns,17
egers,3
gutty,3
wicky,1
shins,9
killy,7
hards,3
zunis,1
matra,72
faker,3
clung,10
tovar,8
starn,3
bungo,2
stola,1
filch,1
pilon,2
beano,9
heave,9
strid,1
kinks,5
teeny,2
sculp,1
cushy,1
dunks,13
yawns,1
gemel,1
jinja,1
gouge,3
siper,1
equiv,5
forex,15
sappy,2
rusks,1
stoma,10
hyoid,3
pinna,2
wrung,1
dhoti,3
balks,2
dents,3
prese,1
carbo,19
kneed,3
pacer,29
amini,4
puggy,5
hikes,9
panes,7
bedel,4
saree,1
jakes,4
twigs,3
layup,49
khair,3
mukti,2
brawn,4
veldt,1
toner,5
sheaf,3
evert,92
attle,1
awash,5
delfs,5
weave,13
knape,1
wispy,1
romps,1
yeard,1
sains,5
blier,1
danae,2
gulfs,3
pulli,8
rawly,11
verts,4
defat,1
raved,3
pyres,1
parka,3
cajon,11
hibla,1
multo,3
bauch,1
wides,48
zaman,9
surer,9
tanka,3
bahay,3
unlap,5
shiai,1
mendy,4
snoek,1
slims,3
accur,1
odder,3
wisse,4
mealy,2
golly,3
venal,2
chass,5
wowed,3
oozed,1
wooed,3
ambon,5
riden,1
crepe,2
kente,1
withe,5
miler,2
briar,12
tubig,1
rower,20
easts,1
keena,3
kales,1
lowes,16
berri,9
binny,1
clack,1
micra,12
sulfa,1
wurst,1
fordy,1
catan,4
prole,1
kusum,1
potti,5
kames,1
bortz,2
coram,5
bovey,1
oozes,2
carus,5
awoke,7
psych,9
rooks,4
gluey,1
filao,1
teras,1
baulk,1
halos,11
armer,9
slosh,1
bided,1
weedy,4
coble,11
briza,1
ousts,1
torii,30
amigo,6
parel,2
balza,1
yerba,15
juans,1
amper,1
hance,2
moyle,3
domer,2
porge,1
emend,1
nesty,1
lench,1
coati,6
plebe,1
winer,6
frits,3
cetus,4
dears,5
shema,2
frack,2
malar,5
renet,6
trias,6
lytic,3
loess,22
algal,9
divan,2
gecks,1
dulse,3
mocha,7
carli,6
scrat,5
runch,4
shied,3
clape,1
stuns,3
plumb,13
ostia,6
tarin,1
hanky,1
bream,15
diced,3
fidge,5
kines,3
barbu,3
chaco,14
salmi,2
plote,1
dayak,8
surma,4
meany,6
pavin,7
dacha,9
cundy,1
peaky,1
jokey,2
gages,1
hooch,2
damas,5
rucks,1
katha,4
squib,6
aevum,1
torts,3
feres,1
sucre,3
swail,17
shick,3
benes,22
preta,3
sibyl,4
filer,1
plunk,3
caked,2
fixup,1
harks,2
faxes,1
tanna,7
crony,6
swaps,2
golfs,1
renes,2
rosel,1
feely,83
doles,1
orang,40
noire,9
sutor,1
trine,4
dados,3
moise,10
riped,2
malts,1
naiad,3
arced,3
ferme,3
griff,4
brack,6
kinch,1
giron,1
etang,1
lourd,2
foret,16
nogal,7
caper,5
retag,4
heeze,1
rawer,1
meece,3
anoia,1
copei,1
thete,1
plows,2
spute,2
eclat,2
farse,1
gibby,2
lardy,3
toldo,2
amuck,1
treks,1
rater,5
baser,1
peris,1
guyer,4
jatha,1
arsis,4
comfy,6
karez,2
qanat,1
dimit,1
gizmo,2
duppa,1
potty,9
ileum,1
beche,1
boxty,1
wakan,1
lores,1
teuch,1
bungy,1
whens,2
vagus,3
maney,5
manse,4
canso,1
minis,4
raker,5
easer,1
codon,3
sauls,2
thore,1
eggar,1
stews,11
unmet,2
brome,2
mutes,3
seige,3
imshi,1
skeel,2
artel,3
spean,1
milch,1
maint,11
oriel,14
maile,2
whiny,4
breve,1
tolyl,4
karts,2
firer,2
benzo,2
servo,7
croze,1
alums,4
marli,1
doers,2
ricer,1
kahar,6
weeny,2
squab,1
pests,4
molts,1
palli,4
kefir,4
quads,6
flans,2
vingt,3
beery,3
morne,4
syncs,1
trigo,1
progs,3
leaky,10
koila,1
peele,5
araks,2
geode,8
danda,1
ahsan,6
kashi,4
falla,6
jawan,2
sixer,2
pucks,2
stive,1
rotas,1
nervy,2
kheda,1
patia,1
withy,3
shuns,1
sabir,1
divot,1
hawed,1
maras,4
wined,1
deked,2
ticks,8
klunk,1
axing,1
crone,3
terek,15
izzat,2
execs,5
ameed,1
amang,3
burka,3
deric,2
cagey,1
hames,1
lieve,1
knits,4
wonga,3
sunna,3
douma,1
mange,1
levet,5
agate,5
talas,4
riles,1
briny,2
garon,8
sakis,3
carri,2
rishi,8
renne,1
tykes,8
whick,1
flite,1
laron,1
ogres,2
busty,3
shies,2
gilly,14
aedes,5
axils,1
saker,3
apace,4
ruing,2
hoick,2
oaten,3
wandy,3
sleds,2
cotan,1
ejido,1
smush,6
stank,2
feria,2
emong,1
cappy,2
moats,11
bandh,6
ramie,3
slive,4
limas,24
goner,1
skied,7
barmy,2
eppes,6
gazet,9
toddy,1
chela,13
tynes,85
rowen,2
toles,6
slops,3
artal,1
pogge,6
loord,3
ringe,1
hunks,2
zonic,1
weeze,1
gamba,5
cubit,3
kerbs,3
cardo,1
ingle,3
kecks,2
muggy,2
sabby,2
scram,1
ebbed,2
terna,2
serta,3
begay,1
snubs,3
juked,2
gunny,2
massy,1
harre,2
oaken,3
sordo,11
mirth,3
rimal,2
turvy,1
getup,4
sterk,1
hazes,1
pekan,4
domic,2
calmy,1
muang,2
soups,2
sharn,1
scrim,4
galea,2
tusks,2
liles,4
corvo,5
laich,1
novum,3
sacre,3
treys,1
avion,10
rubes,1
stour,2
mares,1
hajji,2
kulak,7
pitta,7
pawed,1
kyats,2
krosa,3
colla,4
bajan,2
dines,1
urena,1
agron,2
rials,2
snook,10
amids,2
locum,1
deeps,2
kanat,1
moosa,2
passo,2
nantz,3
taver,1
lungi,4
dowse,1
agger,5
brede,3
sarna,2
laury,1
teems,5
neist,1
twine,6
cacao,10
venta,2
fodge,1
arles,2
finks,2
homed,1
ovate,1
larks,5
roter,1
crost,1
bovid,1
rexes,2
snout,3
lidar,9
gluts,1
brags,2
cuppy,6
matsu,4
curds,4
minie,1
dolos,2
cornu,4
chron,3
darst,1
globs,1
soaks,1
genua,5
adcon,1
chama,2
arcus,2
piney,2
puked,1
stopa,1
leers,1
geisa,1
tacet,1
tarps,2
claps,1
cower,1
prang,3
slags,3
reask,1
vobis,1
obits,1
ceros,2
linac,1
alecs,1
taino,9
tores,1
beata,3
sozin,5
sumac,2
daiva,1
rummy,4
rived,1
berms,3
belah,1
deddy,1
reaks,1
ables,1
amaze,4
tenue,1
panne,1
piste,1
solus,1
coque,1
frizz,1
rices,1
schwa,2
palet,1
kniaz,1
arses,2
raphe,1
sprue,2
ileal,1
urate,1
phage,5
kanae,2
phyla,5
soddy,1
mazer,7
moult,5
bogle,9
novus,11
oakum,2
grise,2
fiord,2
socky,2
monad,3
repro,6
ergon,1
unlit,1
plock,2
gater,1
darac,1
topoi,1
nizam,4
acrid,2
araba,1
salay,1
hinny,4
ashur,5
triac,2
cogie,1
toral,5
metic,2
rebab,1
gedds,1
haman,1
tufty,9
diwan,3
toady,1
sayid,8
westy,4
rakes,3
mokum,1
bahai,3
penda,2
selly,1
talis,1
ilion,18
amphi,1
banns,1
knark,1
golem,11
broth,3
emule,3
neven,2
hacky,10
lully,2
semih,2
hemin,3
stang,4
vajra,4
navvy,1
cecum,1
curat,8
shirk,1
typic,1
tinea,3
coypu,4
masai,3
stoat,16
farad,1
maned,9
foamy,2
kanzu,1
telos,4
hamsa,4
milia,4
polje,3
chirk,1
ennui,3
twats,3
lupis,1
nandi,4
unfix,2
dutra,1
koban,1
foute,1
pilum,5
dregs,1
linky,2
faggy,1
saman,2
bonum,4
kissy,4
shode,1
loges,1
stude,2
siris,1
dobby,8
culot,1
faute,1
baria,1
thins,4
linie,1
kavas,1
sarod,2
helly,1
auras,2
piner,10
galax,5
cycad,9
carps,5
amant,3
totes,1
comps,2
plasm,1
gigas,4
savin,1
comal,3
apert,1
gurdy,7
dorsi,1
vivax,2
ruffe,1
douce,1
fucus,1
kenaf,1
lifer,2
cruse,2
ember,17
sanga,5
bassi,1
trypa,4
addax,4
rigel,7
deedy,3
baile,5
mesic,9
chere,1
snick,2
buffa,2
ahura,2
vodun,2
cress,1
rumps,1
negus,5
scoot,3
kunai,9
drame,3
faugh,5
appui,4
argan,7
mitty,5
rands,2
prase,1
clunk,1
warty,2
gonne,1
stilt,2
pinas,1
curia,5
atren,6
spann,2
hooey,1
joual,1
ashot,1
wadge,1
saner,2
lexia,1
moggy,3
wrens,4
riyal,4
mimsy,5
flume,1
japes,1
gooey,2
tanny,4
gleed,3
seamy,1
peeke,1
tazza,2
compo,1
neger,1
zlote,2
frary,1
sakti,1
essed,3
tongs,5
parky,1
poori,1
rugal,1
sulky,3
twirp,1
paler,1
choli,1
rimas,1
debus,18
ponga,4
nanas,3
perai,1
jambo,4
cotes,2
flowe,1
dabby,2
khaja,2
rayat,4
vinos,1
palay,1
saron,4
susso,2
ihram,4
squiz,1
sophy,5
galah,1
vroom,1
botan,1
limos,5
waifs,1
cleam,1
bushi,2
momus,4
imber,1
metus,7
paten,1
caned,2
pilaf,1
humic,1
sassy,4
ragis,1
velum,1
apers,1
konak,1
kanga,3
fleay,2
jefes,1
aweek,1
belam,1
heezy,1
exite,1
junky,3
tummy,1
rinds,1
peeve,4
triol,1
fugal,3
chave,1
dight,1
reams,7
tenio,1
slamp,2
newts,1
flues,1
owlet,1
unzen,4
deist,2
fugit,1
undog,1
doney,2
boars,1
myrrh,5
sneap,2
mimes,1
prine,1
ambry,1
peuhl,1
fieri,1
kasha,1
aeron,4
grete,2
filet,3
bards,1
pilus,3
sylph,2
humps,7
hatty,1
chert,2
quoin,1
sorra,1
logia,1
orbed,1
lauds,1
bandi,4
tress,5
mimzy,2
cades,4
tarte,2
velar,2
umbra,2
hayer,1
fagot,1
laded,1
wheal,1
drupe,1
dalle,1
pecks,1
stroy,1
goldy,2
moche,2
decry,3
balky,1
boyar,2
jakey,1
dhole,6
drear,3
idite,1
whill,2
minks,2
perty,2
zinke,1
lilys,1
vends,1
vinet,1
capax,2
rears,1
chums,4
danio,8
libri,1
gracy,1
wormy,1
trope,1
mynah,4
bices,1
ancre,8
thuds,1
yampa,1
chack,4
braes,1
semee,1
novae,2
nodal,1
corke,1
touts,3
casks,2
pinon,1
loper,2
clang,1
dotty,1
mazes,1
onlay,2
licht,4
kugel,2
patee,2
sanit,1
lotor,1
hider,1
rayah,1
polos,1
halma,1
witan,1
neese,2
sitch,2
stubb,2
bulla,2
catel,2
chirp,7
arnee,1
clime,1
kabel,1
nevel,4
mathe,1
baske,1
gongs,1
loped,1
longa,1
karoo,2
axons,1
ketol,1
mousy,2
dozer,2
folky,1
tined,1
wende,1
jives,1
egads,1
dower,2
ccitt,2
kurta,1
rerig,1
coran,1
musca,1
iroko,2
cubeb,1
baits,8
neeld,1
flamy,1
palmy,1
lindo,1
flunk,1
blist,1
marcs,1
jerid,1
wises,1
cloze,1
hadnt,2
gogos,1
kongu,2
spong,1
actos,2
naira,1
viols,1
nosig,2
yucky,4
frayn,2
twerp,3
hamal,2
padri,1
getah,1
balli,1
hilsa,1
nisus,1
cobby,4
slogs,1
mudde,1
sikar,3
ohare,1
korma,1
caird,2
sheel,4
kalis,2
dural,1
pardy,1
noels,1
belga,2
mizar,1
uhuru,6
idled,1
wheen,2
pungi,1
floes,1
bailo,2
cavin,2
gaine,2
secre,1
chiru,5
pings,2
cerci,1
limes,3
coots,2
ticul,2
forcy,1
ogled,1
clink,3
copra,2
tutto,1
doyen,3
simar,1
pedes,2
batta,1
ripen,2
wonna,1
baken,1
sloyd,1
baals,1
bowne,1
accum,1
pippy,4
mafic,1
fritt,1
motet,3
carny,1
safar,2
rajab,3
sanai,1
endow,1
kepis,1
biked,1
bardo,2
cines,1
tempi,1
breth,1
yabby,3
carpi,8
avera,1
chego,1
ambar,4
hoper,1
penni,1
roose,2
lacto,1
namby,1
qiana,3
moric,9
perms,1
hokum,1
muggs,1
exult,1
parol,1
murra,1
dungs,1
ruffs,7
silty,1
coopt,1
nertz,1
nonet,2
cains,1
flout,1
ackee,4
cheka,5
jomon,3
dippy,5
garum,1
baize,1
fumer,1
javel,1
artus,1
repas,1
enage,1
limps,3
joist,1
whisk,1
faery,1
benet,9
secco,2
bidar,1
quaff,1
frize,2
hutia,1
cosey,3
schmo,1
beaus,1
dribs,1
drabs,1
pyric,1
begat,2
gaffs,1
divvy,1
spoor,3
wands,1
seise,1
clade,2
sluff,1
staab,1
dumba,1
saggy,1
epode,3
kapok,2
bronk,3
thatn,1
dyker,1
hosta,1
rober,1
boody,1
jagir,2
laius,1
abune,1
vinca,2
gombo,1
strub,2
busti,1
joles,1
snips,2
felts,2
harts,4
kelty,4
payor,1
renin,1
cloop,1
eider,1
talky,1
klans,1
kotos,1
murex,2
undam,2
mauls,1
sinal,1
melam,1
nudie,1
piker,1
grope,1
leets,1
snobs,1
bombe,4
plops,1
abdal,1
tunas,3
bunya,1
calin,1
arach,1
toher,1
infix,2
tunna,3
welts,3
glady,1
doozy,2
brose,1
linch,1
insee,1
caber,1
shawm,1
abaca,1
tyros,3
scops,1
kylix,1
nikau,4
ached,1
rabal,2
barny,2
retie,1
takin,1
naish,2
speel,1
lotic,1
cooly,2
rajas,2
ajuga,1
bundt,2
oribi,1
skell,3
hefts,1
clads,1
spang,1
uncia,1
kombu,1
hange,1
mooch,2
wades,1
tubba,1
scowl,1
kilij,2
arado,2
bunce,2
tache,1
sansi,1
guaco,1
sopor,2
ponos,1
pomme,3
foehn,1
cokey,3
nidor,2
celli,1
targe,2
chiro,1
fungo,2
hollo,2
drona,1
leche,6
obeah,2
dagga,2
stith,1
tipsy,1
varan,1
pigmy,1
volar,1
tarde,6
arroz,1
spivs,1
yipes,4
tomes,4
venae,2
cavae,2
milko,1
meson,1
tines,1
drool,1
atole,1
saute,3
dreck,1
carby,4
canna,1
deray,2
liker,1
guana,1
duvet,1
jeton,1
revet,1
chiel,1
bhang,1
clued,1
babka,1
staph,1
sumos,1
coops,2
jingu,1
agama,1
arock,3
fovea,3
navis,1
etrog,1
araby,1
clich,1
exurb,3
sprat,1
fator,1
mitis,1
urial,1
dunny,1
feyer,1
tawse,1
urutu,1
quern,1
verey,1
midis,1
klick,2
pseud,1
lamia,2
egger,1
hubby,1
stell,1
biota,1
tubar,1
benda,2
glack,2
squam,1
freck,1
coked,1
sudsy,1
sikes,1
gusle,1
tiffs,1
roshi,1
titty,1
genin,4
ferox,1
ascus,1
guijo,1
figgy,2
noway,1
kenos,1
repin,1
benjy,1
piute,1
jehad,1
swang,1
kiddy,1
dully,1
haily,1
stows,1
hotch,1
potch,1
pozzy,1
vexes,2
lesya,1
toran,2
kacha,2
lieue,1
sargo,1
feeze,1
ploys,1
penna,2
bruke,2
spink,2
aliso,3
hexyl,1
licit,1
lingy,1
dicer,2
ganef,3
skice,1
thack,1
somma,1
bulak,1
larin,1
ounds,1
sarif,1
golet,1
fames,1
risus,4
chuse,1
tromp,2
frump,2
inkle,1
ronco,2
qibla,1
clomp,8
snore,1
beeps,1
laves,1
bolls,1
abada,2
isnad,1
tubas,2
ilima,3
frond,1
linin,1
fiefs,1
poons,1
chare,1
gansa,1
dalan,1
skimo,3
crees,1
caban,1
groop,1
kites,1
mages,3
haves,1
calor,1
noria,1
sexto,2
jinni,1
spect,1
samen,1
arrau,1
arara,1
metel,1
bahoo,1
cella,1
rhila,1
shado,1
prexy,1
decan,2
herem,1
tains,1
ngoma,1
redes,1
evite,1
const,1
